label,loss,accuracy,mean_absolute_error
train,0.46975118231357954,0.7643491625785828,0.2959687411785126
test,0.465771154063042,0.7666552662849426,0.29702791571617126
