label,loss,accuracy,mean_absolute_error
train,0.4786265368322321,0.7610180974006653,0.32554173469543457
test,0.4771199176080975,0.7553809285163879,0.32676762342453003
